{"cameraMode":{"drawMode":0,"name":"Shaded","section":"Shading Mode"},"sceneLighting":false,"audioPlay":false,"sceneViewState":{"showFog":true,"showMaterialUpdate":true,"showSkybox":false,"showFlares":true,"showImageEffects":true,"showParticleSystems":true},"in2DMode":false,"pivot":{"x":8.5,"y":-0.09757614135742188,"z":-0.047711923718452457},"rotation":{"x":0.01829657331109047,"y":0.035981349647045138,"z":-0.0006589749245904386,"w":0.999184787273407},"size":17.882661819458009,"orthographic":false}