{"cameraMode":{"drawMode":0,"name":"Shaded","section":"Shading Mode"},"sceneLighting":true,"audioPlay":false,"sceneViewState":{"showFog":true,"showMaterialUpdate":true,"showSkybox":true,"showFlares":true,"showImageEffects":true,"showParticleSystems":true},"in2DMode":false,"pivot":{"x":-0.7143187522888184,"y":0.36793893575668337,"z":-1.5522079467773438},"rotation":{"x":0.00630685780197382,"y":-0.028500420972704889,"z":0.00017972246860153973,"w":0.9995739459991455},"size":12.131998062133789,"orthographic":false}